{
	"policy": {
		"description": "Hot 30d, Warm 90d, Cold afterwards",
		"default_state": "hot",
		"states": [
			{
				"name": "hot",
				"actions": [],
				"transitions": [
					{
						"state_name": "warm",
						"conditions": {
							"min_index_age": "30d"
						}
					}
				]
			},
			{
				"name": "warm",
				"actions": [
					{
						"allocation": {
							"require": {
								"data": "warm"
							}
						}
					},
					{
						"force_merge": {
							"max_num_segments": 1
						}
					}
				],
				"transitions": [
					{
						"state_name": "cold",
						"conditions": {
							"min_index_age": "90d"
						}
					}
				]
			},
			{
				"name": "cold",
				"actions": [
					{
						"allocation": {
							"require": {
								"data": "cold"
							}
						}
					},
					{
						"read_only": {}
					},
					{
						"force_merge": {
							"max_num_segments": 1
						}
					}
				]
			}
		],
		"ism_template": [
			{
				"index_patterns": [
					"emass-*"
				],
				"priority": 1
			}
		]
	}
}